Submission id,Participant id,Status,Custom study tncs accepted at,Started at,Completed at,Reviewed at,Archived at,Time taken,Completion code,Total approvals,Primary language,Fluent languages,Age,Sex,Ethnicity simplified,Country of birth,Country of residence,Nationality,Language,Student status,Employment status
664e441e4628dd64a1f1e073,5751b9a8702d130006285f79,RETURNED,Not Applicable,2024-05-22T19:14:44.387000Z,,,2024-05-22T19:39:09.409941Z,,,186,CONSENT_REVOKED,CONSENT_REVOKED,CONSENT_REVOKED,CONSENT_REVOKED,CONSENT_REVOKED,CONSENT_REVOKED,CONSENT_REVOKED,CONSENT_REVOKED,CONSENT_REVOKED,CONSENT_REVOKED,CONSENT_REVOKED
664e44c03378aff6b796d31b,5914ba72318da600011362c6,RETURNED,Not Applicable,2024-05-22T19:17:26.413000Z,,,2024-05-22T19:39:09.409088Z,,,885,CONSENT_REVOKED,CONSENT_REVOKED,CONSENT_REVOKED,CONSENT_REVOKED,CONSENT_REVOKED,CONSENT_REVOKED,CONSENT_REVOKED,CONSENT_REVOKED,CONSENT_REVOKED,CONSENT_REVOKED,CONSENT_REVOKED
664e44c0bffac0414717390c,616dce9759fb25373322cbb3,APPROVED,Not Applicable,2024-05-22T19:17:24.967000Z,2024-05-22T19:29:50.873000Z,2024-05-23T00:30:24.557000Z,2024-05-22T19:29:51.371643Z,746.0,CWWHERKO,319,English,English,27,Female,White,Canada,United Kingdom,Canada,English,Yes,Full-Time
664e45169d95fa67578b2ef1,5ef329d8cfbdc00379011819,APPROVED,Not Applicable,2024-05-22T19:18:49.338000Z,2024-05-22T19:28:40.896000Z,2024-05-23T00:30:24.969000Z,2024-05-22T19:29:12.083755Z,592.0,CWWHERKO,256,English,English,30,Female,White,United Kingdom,United Kingdom,United Kingdom,English,No,Full-Time
664e4545275f779f0ddd88d1,609343d3661501831e99ce8f,RETURNED,Not Applicable,2024-05-22T19:20:04.266000Z,,,2024-05-22T19:39:09.411212Z,,,551,CONSENT_REVOKED,CONSENT_REVOKED,CONSENT_REVOKED,CONSENT_REVOKED,CONSENT_REVOKED,CONSENT_REVOKED,CONSENT_REVOKED,CONSENT_REVOKED,CONSENT_REVOKED,CONSENT_REVOKED,CONSENT_REVOKED
664e45599d95fa67578b2efa,60d65a056cebfd51ddb8871f,APPROVED,Not Applicable,2024-05-22T19:19:58.919000Z,2024-05-22T19:30:50.493000Z,2024-05-23T00:30:25.145000Z,2024-05-22T19:30:50.915755Z,652.0,CWWHERKO,211,English,English,27,Male,White,United Kingdom,United Kingdom,United Kingdom,English,DATA_EXPIRED,DATA_EXPIRED
664e456951fdb5c759e073c3,59b011eb9f80a10001e822b0,APPROVED,Not Applicable,2024-05-22T19:21:08.455000Z,2024-05-22T19:33:57.360000Z,2024-05-23T00:30:25.354000Z,2024-05-22T19:33:57.989222Z,769.0,CWWHERKO,413,English,English,27,Female,White,United Kingdom,United Kingdom,United Kingdom,English,DATA_EXPIRED,DATA_EXPIRED
664e45a026686cecdfd6659b,5c2d0ce469ceff000114152d,RETURNED,Not Applicable,2024-05-22T19:21:11.787000Z,,,2024-05-22T19:39:09.421248Z,,,481,CONSENT_REVOKED,CONSENT_REVOKED,CONSENT_REVOKED,CONSENT_REVOKED,CONSENT_REVOKED,CONSENT_REVOKED,CONSENT_REVOKED,CONSENT_REVOKED,CONSENT_REVOKED,CONSENT_REVOKED,CONSENT_REVOKED
664e45a45053b06faef88bb2,5f0a515ebab8d1316a5e99bd,RETURNED,Not Applicable,2024-05-22T19:21:13.432000Z,,,2024-05-22T19:39:09.415094Z,,,312,CONSENT_REVOKED,CONSENT_REVOKED,CONSENT_REVOKED,CONSENT_REVOKED,CONSENT_REVOKED,CONSENT_REVOKED,CONSENT_REVOKED,CONSENT_REVOKED,CONSENT_REVOKED,CONSENT_REVOKED,CONSENT_REVOKED
664e45e34064cd59306fc36e,65b2c54dd6d4525d8f330aba,RETURNED,Not Applicable,2024-05-22T19:32:11.075000Z,,,2024-05-22T19:39:09.426055Z,,,19,CONSENT_REVOKED,CONSENT_REVOKED,CONSENT_REVOKED,CONSENT_REVOKED,CONSENT_REVOKED,CONSENT_REVOKED,CONSENT_REVOKED,CONSENT_REVOKED,CONSENT_REVOKED,CONSENT_REVOKED,CONSENT_REVOKED
664e45f33a7590a9148e4ce2,5820426d6bf1b000019300b9,RETURNED,Not Applicable,2024-05-22T19:22:33.031000Z,,,2024-05-22T19:39:09.432547Z,,,690,CONSENT_REVOKED,CONSENT_REVOKED,CONSENT_REVOKED,CONSENT_REVOKED,CONSENT_REVOKED,CONSENT_REVOKED,CONSENT_REVOKED,CONSENT_REVOKED,CONSENT_REVOKED,CONSENT_REVOKED,CONSENT_REVOKED
664e463b25b913026e1043d6,607dc0504aa0f95b06e2789f,APPROVED,Not Applicable,2024-05-22T19:23:43.066000Z,2024-05-22T19:35:23.751000Z,2024-05-23T00:30:25.525000Z,2024-05-22T19:35:24.445743Z,701.0,CWWHERKO,80,English,English,24,Female,White,United Kingdom,Slovenia,United Kingdom,English,DATA_EXPIRED,Part-Time
664e4653c9bd6882c2fbf414,62b1e58145539203ae51be94,APPROVED,Not Applicable,2024-05-22T19:24:10.496000Z,2024-05-22T19:40:18.209000Z,2024-05-23T00:30:25.704000Z,2024-05-22T19:41:12.027026Z,968.0,CWWHERKO,34,English,English,52,Female,White,Canada,United Kingdom,United Kingdom,English,No,DATA_EXPIRED
664e466857c2319c34592ce0,604669987ce28b034f7ae980,APPROVED,Not Applicable,2024-05-22T19:24:31.061000Z,2024-05-22T19:36:36.054000Z,2024-05-23T00:30:25.882000Z,2024-05-22T19:36:38.561983Z,725.0,CWWHERKO,70,English,"English, Russian",33,Male,Other,Georgia,Canada,Georgia,English,Yes,Full-Time
664e46929edce1893498a7f4,62779d95881329faf37ad653,APPROVED,Not Applicable,2024-05-22T19:25:11.736000Z,2024-05-22T19:39:44.877000Z,2024-05-23T00:30:26.059000Z,2024-05-22T19:40:53.441789Z,874.0,CWWHERKO,1238,"English, Italian","English, Italian",42,Male,White,Italy,United Kingdom,United Kingdom,English,No,Full-Time
664e46d426686cecdfd665ea,57ceb12e79ad9b0001e41bce,APPROVED,Not Applicable,2024-05-22T19:26:20.729000Z,2024-05-22T19:37:09.107000Z,2024-05-23T00:30:26.232000Z,2024-05-22T19:37:11.667548Z,649.0,CWWHERKO,169,English,English,45,Female,White,United States,United States,United States,English,No,Part-Time
664e46d48a7dcef37cff65cf,5a99eb63b5e2110001c6c2b6,RETURNED,Not Applicable,2024-05-22T19:26:17.398000Z,,,2024-05-22T19:39:09.434463Z,,,791,CONSENT_REVOKED,CONSENT_REVOKED,CONSENT_REVOKED,CONSENT_REVOKED,CONSENT_REVOKED,CONSENT_REVOKED,CONSENT_REVOKED,CONSENT_REVOKED,CONSENT_REVOKED,CONSENT_REVOKED,CONSENT_REVOKED
664e46e29206bf9d354881b9,6127c89a145f6be7b6527daa,APPROVED,Not Applicable,2024-05-22T19:26:29.214000Z,2024-05-22T19:37:48.701000Z,2024-05-23T00:30:26.398000Z,2024-05-22T19:38:07.572757Z,680.0,CWWHERKO,1340,English,English,35,Female,White,United Kingdom,United Kingdom,United Kingdom,English,DATA_EXPIRED,DATA_EXPIRED
664e46eca4f7f928cffe1639,61222d4342138f097de1b542,APPROVED,Not Applicable,2024-05-22T19:26:41.090000Z,2024-05-22T19:44:54.570000Z,2024-05-23T00:30:26.571000Z,2024-05-22T19:44:55.068771Z,1094.0,CWWHERKO,457,English,English,37,Female,White,United Kingdom,United Kingdom,United Kingdom,English,No,Full-Time
664e46f82ee05e94fa08f4a2,558bafe0fdf99b21155f2da0,RETURNED,Not Applicable,2024-05-22T19:26:52.046000Z,,,2024-05-22T19:39:09.441558Z,,,161,CONSENT_REVOKED,CONSENT_REVOKED,CONSENT_REVOKED,CONSENT_REVOKED,CONSENT_REVOKED,CONSENT_REVOKED,CONSENT_REVOKED,CONSENT_REVOKED,CONSENT_REVOKED,CONSENT_REVOKED,CONSENT_REVOKED
664e471907985f23c2822d9e,5ed6c1c29e50c21348065f98,APPROVED,Not Applicable,2024-05-22T19:27:21.015000Z,2024-05-22T19:39:05.247000Z,2024-05-23T00:30:26.753000Z,2024-05-22T19:40:33.045821Z,705.0,CWWHERKO,474,"English, Spanish","English, Spanish",50,Male,White,Spain,Spain,Spain,English,Yes,Full-Time
664e471c778828c39a34965e,5c7427d637793100010f8bff,TIMED-OUT,Not Applicable,2024-05-22T19:27:26.337000Z,,,2024-05-22T19:39:09.453522Z,704.0,,1527,"English, Arabic","French, Arabic, English",27,Female,Other,United Kingdom,United Kingdom,United Kingdom,English,Yes,DATA_EXPIRED
664e47379855cbf9f72fe1bc,642dad54aa3467791f3fca37,RETURNED,Not Applicable,2024-05-22T19:27:55.062000Z,,,2024-05-22T19:39:09.453706Z,,,41,CONSENT_REVOKED,CONSENT_REVOKED,CONSENT_REVOKED,CONSENT_REVOKED,CONSENT_REVOKED,CONSENT_REVOKED,CONSENT_REVOKED,CONSENT_REVOKED,CONSENT_REVOKED,CONSENT_REVOKED,CONSENT_REVOKED
664e4740bc7ae054dc720da0,608f896cbb14d38fcaad330d,APPROVED,Not Applicable,2024-05-22T19:28:13.045000Z,2024-05-22T19:55:16.489000Z,2024-05-23T00:30:26.939000Z,2024-05-22T19:55:16.973853Z,1624.0,.,89,English,English,28,Female,Black,South Africa,South Africa,South Africa,English,DATA_EXPIRED,DATA_EXPIRED
664e474e120b00bd5a99b557,65da7d5d257329bdfd30de93,APPROVED,Not Applicable,2024-05-22T19:28:19.498000Z,2024-05-22T19:38:38.337000Z,2024-05-23T00:30:27.121000Z,2024-05-22T19:40:20.301841Z,619.0,NOCODE,166,English,English,36,Female,White,United States,United States,United States,English,No,Full-Time
664e481aa8c75e4538d41043,5c5243d45acab700012608c7,APPROVED,Not Applicable,2024-05-22T19:31:43.309000Z,2024-05-22T19:41:42.037000Z,2024-05-23T00:30:27.305000Z,2024-05-22T19:41:42.792659Z,599.0,CWWHERKO,200,English,English,44,Female,White,United Kingdom,United Kingdom,United Kingdom,English,No,Part-Time
664e486e732628231a08f4ab,5f39a493da1ce1553328ebd9,APPROVED,Not Applicable,2024-05-22T19:33:02.819000Z,2024-05-22T19:47:56.917000Z,2024-05-23T00:30:27.489000Z,2024-05-22T19:47:57.578746Z,895.0,CWWHERKO,583,English,"Afrikaans, English",29,Female,Mixed,South Africa,South Africa,South Africa,English,No,Full-Time
664e49420137c3c57529ffae,5d76ae9afa583b001a6d93e1,APPROVED,Not Applicable,2024-05-22T19:36:34.263000Z,2024-05-22T19:46:09.754000Z,2024-05-23T00:30:27.660000Z,2024-05-22T19:46:10.238626Z,576.0,CWWHERKO,367,English,English,27,Male,White,United Kingdom,United Kingdom,United Kingdom,English,DATA_EXPIRED,DATA_EXPIRED
664e51d21ca9833bc0c35f7b,65523736bafd3ec3b19c2141,APPROVED,Not Applicable,2024-05-22T20:13:20.882000Z,2024-05-22T20:29:07.935000Z,2024-05-23T00:30:27.927000Z,2024-05-22T20:29:08.477521Z,948.0,CWWHERKO,214,English,English,34,Female,White,Canada,Canada,Canada,English,No,DATA_EXPIRED
664e51d290f66846ba86e84b,5cc2510cc81349000161f019,APPROVED,Not Applicable,2024-05-22T20:13:06.152000Z,2024-05-22T20:20:50.954000Z,2024-05-23T00:30:28.104000Z,2024-05-22T20:20:51.594054Z,465.0,CWWHERKO,468,English,English,35,Male,Mixed,New Zealand,New Zealand,New Zealand,English,No,Part-Time
664e51d4361592a7969cd40b,602fa85bcfd5efca16bbcfd1,APPROVED,Not Applicable,2024-05-22T20:13:13.542000Z,2024-05-22T20:28:05.199000Z,2024-05-23T00:30:28.280000Z,2024-05-22T20:28:05.702628Z,892.0,CWWHERKO,354,English,English,34,Male,White,United Kingdom,United Kingdom,United Kingdom,English,No,Full-Time
664e51e19acc044c2021052d,5aa7ba1e6475f90001a06d39,APPROVED,Not Applicable,2024-05-22T20:14:03.577000Z,2024-05-22T20:25:03.564000Z,2024-05-23T00:30:28.450000Z,2024-05-22T20:27:08.035417Z,660.0,CWWHERKO,452,English,English,31,Female,White,United Kingdom,United Kingdom,United Kingdom,English,DATA_EXPIRED,DATA_EXPIRED
664e51ea4e4c12edad2d0293,664df38872329fba19b1914c,APPROVED,Not Applicable,2024-05-22T20:13:35.148000Z,2024-05-22T20:40:22.916000Z,2024-05-23T00:30:28.629000Z,2024-05-22T20:41:43.578636Z,1608.0,CWWHERKO,2,English,English,56,Female,White,United Kingdom,United Kingdom,United Kingdom,English,No,Part-Time
664e51f03460ff839803e1da,5f64ebceeab352026f45a452,APPROVED,Not Applicable,2024-05-22T20:13:38.983000Z,2024-05-22T20:27:54.653000Z,2024-05-23T00:30:28.802000Z,2024-05-22T20:27:55.596055Z,856.0,CWWHERKO,385,English,English,29,Male,White,United Kingdom,United Kingdom,United Kingdom,English,No,Full-Time
664e51f93460ff839803e1df,60bf088e3b1f2de4d3895eee,APPROVED,Not Applicable,2024-05-22T20:13:52.176000Z,2024-05-22T20:41:46.284000Z,2024-05-23T00:30:28.966000Z,2024-05-22T20:44:03.381992Z,1675.0,CWWHERKO,216,English,English,33,Female,Black,South Africa,South Africa,South Africa,English,No,Full-Time
664e5205f3b92337e578aa30,5956845992b7c900016938b6,APPROVED,Not Applicable,2024-05-22T20:13:57.277000Z,2024-05-22T20:34:22.662000Z,2024-05-23T00:30:29.152000Z,2024-05-22T20:34:43.784297Z,1226.0,CWWHERKO,1325,English,English,31,Male,Mixed,United Kingdom,United Kingdom,United Kingdom,English,No,Unemployed (and job seeking)
664e520c2bb2e55d7e321323,65de2a1342c20fb64960dd2b,APPROVED,Not Applicable,2024-05-22T20:14:20.662000Z,2024-05-22T20:26:07.907000Z,2024-05-23T00:30:29.326000Z,2024-05-22T20:27:13.207676Z,708.0,CWWHERKO,68,English,English,51,Female,Mixed,New Zealand,New Zealand,New Zealand,English,No,Full-Time
664e5211d723882ce7dabeb9,60656a924c99543d12555b86,APPROVED,Not Applicable,2024-05-22T20:14:09.476000Z,2024-05-22T20:37:31.419000Z,2024-05-23T00:30:29.498000Z,2024-05-22T20:37:32.017012Z,1402.0,CWWHERKO,312,English,English,31,Female,Black,South Africa,South Africa,South Africa,English,Yes,Full-Time
664e52f85bed5d7737d16330,5f782504951dda38db3ef0b6,APPROVED,Not Applicable,2024-05-22T20:18:10.029000Z,2024-05-22T20:46:21.113000Z,2024-05-23T00:30:29.671000Z,2024-05-22T20:46:21.626059Z,1692.0,CWWHERKO,366,English,English,59,Male,White,New Zealand,New Zealand,New Zealand,English,No,DATA_EXPIRED
664e52f872e4611c0b71bc7a,5febeacd8422b4860fdee406,APPROVED,Not Applicable,2024-05-22T20:18:06.836000Z,2024-05-22T20:36:58.346000Z,2024-05-23T00:30:29.847000Z,2024-05-22T20:36:58.851242Z,1132.0,CWWHERKO,340,English,English,41,Female,White,United Kingdom,United Kingdom,United Kingdom,English,DATA_EXPIRED,Due to start a new job within the next month
664e56a4c0df19e607edefa7,647f96bddb4fd4db747f3ef4,APPROVED,Not Applicable,2024-05-22T20:35:13.486000Z,2024-05-22T20:44:53.273000Z,2024-05-23T00:30:30.021000Z,2024-05-22T20:44:54.053098Z,580.0,CWWHERKO,125,English,English,23,Male,Black,United States,Canada,Canada,English,No,DATA_EXPIRED
664e575f8c0db6054db42932,6020329e88ba9160b200b96b,APPROVED,Not Applicable,2024-05-22T20:36:58.064000Z,2024-05-22T20:49:27.455000Z,2024-05-23T00:30:30.199000Z,2024-05-22T20:49:28.060228Z,750.0,CWWHERKO,1190,English,English,33,Female,White,United Kingdom,United Kingdom,United Kingdom,English,No,"Not in paid work (e.g. homemaker', 'retired or disabled)"
664e587058beccf04e819353,601e028aea41df251254119a,APPROVED,Not Applicable,2024-05-22T20:41:32.260000Z,2024-05-22T20:54:10.857000Z,2024-05-23T00:30:30.369000Z,2024-05-22T20:55:49.867102Z,759.0,CWWHERKO,1835,English,English,33,Female,Other,United Kingdom,United Kingdom,United Kingdom,English,No,Full-Time
664e5ce037b0b24a0529d887,5efb49177e130c0785b93842,APPROVED,Not Applicable,2024-05-22T21:00:16.500000Z,2024-05-22T21:16:38.425000Z,2024-05-23T00:30:30.543000Z,2024-05-22T21:17:32.878238Z,982.0,CWWHERKO,867,English,English,30,Female,White,United Kingdom,United Kingdom,United Kingdom,English,No,DATA_EXPIRED
664e5d7269c655efd239f4bb,664df64d2e56235ab1ffb1a6,APPROVED,Not Applicable,2024-05-22T21:02:46.106000Z,2024-05-22T21:13:45.372000Z,2024-05-23T00:30:30.716000Z,2024-05-22T21:13:45.932269Z,660.0,CWWHERKO,5,"English, Hindi","English, Hindi",23,Male,Asian,India,Canada,India,English,No,Full-Time
664e639f38b0fba80d81a2b0,59142b45ef024b0001c54c33,APPROVED,Not Applicable,2024-05-22T21:29:06.065000Z,2024-05-22T21:44:22.100000Z,2024-05-23T00:30:30.896000Z,2024-05-22T21:44:22.623515Z,917.0,CWWHERKO,2867,English,English,43,Female,White,United Kingdom,United Kingdom,United Kingdom,English,No,Full-Time
664e639f3aec26a3f28377a4,64b53cb9f438ca54a2ca5065,APPROVED,Not Applicable,2024-05-22T21:29:23.881000Z,2024-05-22T21:45:40.963000Z,2024-05-23T00:30:31.081000Z,2024-05-22T21:46:25.696789Z,978.0,CWWHERKO,788,English,English,51,Female,White,United Kingdom,United Kingdom,United Kingdom,English,No,Full-Time
664e66b55e8c47ece37a589d,5cae6a77b38ea60016e54889,APPROVED,Not Applicable,2024-05-22T21:42:26.261000Z,2024-05-22T22:00:05.503000Z,2024-05-23T00:30:31.254000Z,2024-05-22T22:02:18.264297Z,1060.0,CWWHERKO,2259,English,English,23,Female,White,United Kingdom,United Kingdom,United Kingdom,English,No,Full-Time
664e67d3ff4e853e2f54749c,6601a4ae89227e2c04232d0e,APPROVED,Not Applicable,2024-05-22T21:47:13.730000Z,2024-05-22T22:00:54.325000Z,2024-05-23T00:30:31.419000Z,2024-05-22T22:02:35.995358Z,821.0,CWWHERKO,86,English,English,49,Male,White,Ireland,Ireland,Ireland,English,No,"Not in paid work (e.g. homemaker', 'retired or disabled)"
664e46add87dcea194822d9f,63f78e7ceedefab7c7a62d23,RETURNED,Not Applicable,2024-05-22T19:25:37.708000Z,,,2024-05-22T19:39:09.442000Z,,,252,CONSENT_REVOKED,CONSENT_REVOKED,CONSENT_REVOKED,CONSENT_REVOKED,CONSENT_REVOKED,CONSENT_REVOKED,CONSENT_REVOKED,CONSENT_REVOKED,CONSENT_REVOKED,CONSENT_REVOKED,CONSENT_REVOKED
664e4806ae1963d39b6c3dd8,6373d23e997964ba7adc3dbd,RETURNED,Not Applicable,2024-05-22T19:31:21.102000Z,,,2024-05-22T19:39:09.490000Z,,,237,CONSENT_REVOKED,CONSENT_REVOKED,CONSENT_REVOKED,CONSENT_REVOKED,CONSENT_REVOKED,CONSENT_REVOKED,CONSENT_REVOKED,CONSENT_REVOKED,CONSENT_REVOKED,CONSENT_REVOKED,CONSENT_REVOKED
664e51f440feba6398a6d598,65956900f1580a3b138f7756,RETURNED,Not Applicable,2024-05-22T20:13:47.013000Z,,,,,,30,CONSENT_REVOKED,CONSENT_REVOKED,CONSENT_REVOKED,CONSENT_REVOKED,CONSENT_REVOKED,CONSENT_REVOKED,CONSENT_REVOKED,CONSENT_REVOKED,CONSENT_REVOKED,CONSENT_REVOKED,CONSENT_REVOKED
664e51f4bc1ba2675e2c08ca,5c76474e3348af00159191e4,TIMED-OUT,Not Applicable,2024-05-22T20:13:44.396000Z,,,,82303.0,,1086,English,English,40,Female,White,United Kingdom,United Kingdom,United Kingdom,English,No,Full-Time
664e520125aed64393d305bd,60c1de8dacf1232623aa3e29,RETURNED,Not Applicable,2024-05-22T20:13:59.302000Z,,,,,,164,CONSENT_REVOKED,CONSENT_REVOKED,CONSENT_REVOKED,CONSENT_REVOKED,CONSENT_REVOKED,CONSENT_REVOKED,CONSENT_REVOKED,CONSENT_REVOKED,CONSENT_REVOKED,CONSENT_REVOKED,CONSENT_REVOKED
664e520542b30b3648a98e4e,657113388b25e8ab178d80ac,RETURNED,Not Applicable,2024-05-22T20:13:57.975000Z,,,,,,105,CONSENT_REVOKED,CONSENT_REVOKED,CONSENT_REVOKED,CONSENT_REVOKED,CONSENT_REVOKED,CONSENT_REVOKED,CONSENT_REVOKED,CONSENT_REVOKED,CONSENT_REVOKED,CONSENT_REVOKED,CONSENT_REVOKED
664e520816e51ac877ef6196,5e90a4514885633c5d0f97c3,RETURNED,Not Applicable,2024-05-22T20:14:00.411000Z,,,,,,504,CONSENT_REVOKED,CONSENT_REVOKED,CONSENT_REVOKED,CONSENT_REVOKED,CONSENT_REVOKED,CONSENT_REVOKED,CONSENT_REVOKED,CONSENT_REVOKED,CONSENT_REVOKED,CONSENT_REVOKED,CONSENT_REVOKED
664e521366062b46eb03e24b,63d053a8441ee460b5e19119,RETURNED,Not Applicable,2024-05-22T20:14:14.747000Z,,,,,,403,CONSENT_REVOKED,CONSENT_REVOKED,CONSENT_REVOKED,CONSENT_REVOKED,CONSENT_REVOKED,CONSENT_REVOKED,CONSENT_REVOKED,CONSENT_REVOKED,CONSENT_REVOKED,CONSENT_REVOKED,CONSENT_REVOKED
664e5220ba91e2b19a332fba,664dbc1663d2bdef56ff8893,RETURNED,Not Applicable,2024-05-22T20:14:41.037000Z,,,,,,2,CONSENT_REVOKED,CONSENT_REVOKED,CONSENT_REVOKED,CONSENT_REVOKED,CONSENT_REVOKED,CONSENT_REVOKED,CONSENT_REVOKED,CONSENT_REVOKED,CONSENT_REVOKED,CONSENT_REVOKED,CONSENT_REVOKED
664e52232a7ee3fda1edc417,5c4dae9a889752000156b1db,RETURNED,Not Applicable,2024-05-22T20:14:35.412000Z,,,,,,2079,CONSENT_REVOKED,CONSENT_REVOKED,CONSENT_REVOKED,CONSENT_REVOKED,CONSENT_REVOKED,CONSENT_REVOKED,CONSENT_REVOKED,CONSENT_REVOKED,CONSENT_REVOKED,CONSENT_REVOKED,CONSENT_REVOKED
664e524b42b30b3648a98e64,65ea053f593cd08bdc652329,REJECTED,Not Applicable,2024-05-22T20:15:15.360000Z,2024-05-22T20:47:20.277000Z,2024-05-23T00:29:58.769000Z,2024-05-22T20:47:20.860000Z,1925.0,NOCODE,22,CONSENT_REVOKED,CONSENT_REVOKED,CONSENT_REVOKED,CONSENT_REVOKED,CONSENT_REVOKED,CONSENT_REVOKED,CONSENT_REVOKED,CONSENT_REVOKED,CONSENT_REVOKED,CONSENT_REVOKED,CONSENT_REVOKED
664e547b0520074d00343451,60c00052c391140811ca1d54,RETURNED,Not Applicable,2024-05-22T20:24:44.500000Z,,,,,,409,CONSENT_REVOKED,CONSENT_REVOKED,CONSENT_REVOKED,CONSENT_REVOKED,CONSENT_REVOKED,CONSENT_REVOKED,CONSENT_REVOKED,CONSENT_REVOKED,CONSENT_REVOKED,CONSENT_REVOKED,CONSENT_REVOKED
664e639b42ac8765e08dc353,664a4e8fb8a92bf4b389e8fd,REJECTED,Not Applicable,2024-05-22T21:29:46.580000Z,2024-05-22T22:08:39.625000Z,2024-05-23T00:29:14.734000Z,2024-05-22T22:08:40.460000Z,2334.0,NOCODE,13,CONSENT_REVOKED,CONSENT_REVOKED,CONSENT_REVOKED,CONSENT_REVOKED,CONSENT_REVOKED,CONSENT_REVOKED,CONSENT_REVOKED,CONSENT_REVOKED,CONSENT_REVOKED,CONSENT_REVOKED,CONSENT_REVOKED
664e639de6c3f7aa0d56bd3d,6648454917c63396f7140c25,RETURNED,Not Applicable,2024-05-22T21:29:06.241000Z,,,,,,16,CONSENT_REVOKED,CONSENT_REVOKED,CONSENT_REVOKED,CONSENT_REVOKED,CONSENT_REVOKED,CONSENT_REVOKED,CONSENT_REVOKED,CONSENT_REVOKED,CONSENT_REVOKED,CONSENT_REVOKED,CONSENT_REVOKED
664e63a0a4d11500514eaaf8,637f8322729ade58ec7229ba,RETURNED,Not Applicable,2024-05-22T21:29:08.834000Z,,,,,,1125,CONSENT_REVOKED,CONSENT_REVOKED,CONSENT_REVOKED,CONSENT_REVOKED,CONSENT_REVOKED,CONSENT_REVOKED,CONSENT_REVOKED,CONSENT_REVOKED,CONSENT_REVOKED,CONSENT_REVOKED,CONSENT_REVOKED
